Category,Topic,Description,Key Components,Challenges,Trends,Best Practices
Governance,Institutional Leadership,University administration and governance structures,Board of trustees; President/Chancellor; Provost; Deans; Faculty senate,Balancing stakeholder interests; Financial pressures; Political influences,Shared governance; Strategic planning; Transparency,Clear communication; Stakeholder engagement; Data-driven decisions
Governance,Accreditation,Quality assurance and institutional credibility,Regional accreditors; Specialized accreditors; Standards compliance; Peer review,Maintaining standards; Cost of compliance; Changing requirements,Outcomes-based assessment; Continuous improvement; Innovation balance,Regular self-study; Evidence collection; Stakeholder involvement
Governance,Strategic Planning,Long-term institutional direction and goals,Mission alignment; SWOT analysis; Goal setting; Resource allocation; Implementation,Uncertain future; Competing priorities; Resource constraints,Data analytics; Scenario planning; Agile planning,Inclusive process; Clear metrics; Regular review
Academic Affairs,Curriculum Development,Design and implementation of academic programs,Learning outcomes; Course sequencing; Assessment methods; Faculty expertise,Rapid knowledge change; Industry demands; Resource limitations,Interdisciplinary programs; Competency-based education; Micro-credentials,Industry partnerships; Regular review; Student feedback
Academic Affairs,Faculty Development,Supporting faculty growth and effectiveness,Teaching training; Research support; Service opportunities; Career advancement,Work-life balance; Funding constraints; Changing expectations,Online pedagogy; Diversity initiatives; Mentorship programs,Comprehensive orientation; Ongoing support; Recognition programs
Academic Affairs,Student Success,Supporting student achievement and completion,Academic advising; Tutoring services; Mental health support; Financial aid,Diverse student needs; Resource limitations; Retention challenges,Predictive analytics; Holistic support; Personalized learning,Early intervention; Wraparound services; Data tracking
Student Services,Admissions,Recruiting and selecting students,Application review; Standardized testing; Holistic evaluation; Yield management,Declining demographics; Competition; Affordability concerns,Test-optional policies; Holistic review; Virtual recruitment,Transparent processes; Diverse recruitment; Yield optimization
Student Services,Financial Aid,Making education affordable and accessible,Need-based aid; Merit scholarships; Work-study programs; Loan counseling,Rising costs; Federal policy changes; Debt concerns,Income-driven repayment; Emergency aid; Financial literacy,Comprehensive counseling; Early intervention; Debt management
Student Services,Campus Life,Creating engaging residential and social experiences,Housing; Dining; Recreation; Student organizations; Leadership development,Diverse interests; Safety concerns; Mental health needs,Wellness programs; Inclusive communities; Technology integration,Comprehensive programming; Safety protocols; Community building
Research,Research Administration,Managing research enterprise and compliance,Grant management; IRB oversight; Technology transfer; Research integrity,Compliance complexity; Funding competition; Ethical considerations,Interdisciplinary research; Industry partnerships; Open science,Streamlined processes; Training programs; Ethical culture
Research,Graduate Education,Training future researchers and professionals,Doctoral programs; Master's programs; Professional development; Mentorship,Funding challenges; Time to degree; Career preparation,Alternative careers; Skills training; Industry collaboration,Quality mentorship; Career services; Professional development
Research,Innovation and Entrepreneurship,Translating research into societal impact,Technology transfer; Startup incubation; Industry partnerships; IP management,Commercialization challenges; Resource constraints; Cultural barriers,Innovation districts; Accelerator programs; Public-private partnerships,Entrepreneurial culture; Support services; Risk tolerance
Finance,Budget Management,Financial planning and resource allocation,Revenue diversification; Cost control; Capital planning; Risk management,Declining state support; Tuition pressures; Deferred maintenance,Performance-based funding; Shared services; Strategic investments,Transparent budgeting; Scenario planning; Stakeholder communication
Finance,Fundraising,Generating private support for institutional priorities,Alumni relations; Major gifts; Corporate partnerships; Foundation grants,Donor fatigue; Competition; Economic uncertainty,Digital engagement; Impact storytelling; Planned giving,Relationship building; Stewardship; Impact demonstration
Finance,Auxiliary Services,Self-supporting campus operations,Dining services; Bookstores; Parking; Conference services; Recreation facilities,Market competition; Student expectations; Technology disruption,Outsourcing; Public-private partnerships; Technology integration,Customer service; Efficiency; Revenue optimization
Technology,Information Systems,Supporting academic and administrative operations,Learning management systems; Student information systems; Research computing; Network infrastructure,Cybersecurity threats; Legacy systems; User expectations,Cloud computing; Mobile applications; Data analytics,Strategic planning; User training; Security protocols
Technology,Digital Learning,Technology-enhanced teaching and learning,Online courses; Blended learning; Educational technology; Digital resources,Faculty readiness; Student access; Quality concerns,Adaptive learning; VR/AR; AI tutoring,Faculty development; Student support; Quality assurance
Technology,Data Analytics,Using data for institutional improvement,Enrollment analytics; Learning analytics; Financial modeling; Predictive analytics,Data quality; Privacy concerns; Analytical capacity,Machine learning; Real-time dashboards; Predictive modeling,Data governance; Training; Ethical use
Facilities,Campus Planning,Physical environment design and management,Master planning; Space utilization; Sustainability; Accessibility; Safety,Aging infrastructure; Funding constraints; Changing needs,Flexible spaces; Green buildings; Smart technology,Long-term planning; Stakeholder input; Sustainability focus
Facilities,Maintenance and Operations,Keeping campus facilities functional and safe,Preventive maintenance; Energy management; Custodial services; Grounds keeping,Deferred maintenance; Energy costs; Staffing challenges,Predictive maintenance; Energy efficiency; Outsourcing,Preventive approach; Staff training; Performance metrics
Facilities,Safety and Security,Protecting campus community,Emergency preparedness; Crime prevention; Mental health crisis response; Technology security,Diverse threats; Resource limitations; Privacy concerns,Threat assessment; Technology solutions; Community policing,Comprehensive planning; Training; Communication
External Relations,Government Relations,Managing relationships with government entities,State funding advocacy; Federal research support; Regulatory compliance; Policy influence,Political volatility; Competing interests; Regulatory burden,Data-driven advocacy; Coalition building; Stakeholder engagement,Proactive engagement; Relationship building; Issue monitoring
External Relations,Community Partnerships,Building relationships with local communities,Economic development; K-12 partnerships; Cultural programs; Service learning,Town-gown tensions; Resource constraints; Competing priorities,Anchor institution strategies; Collective impact; Social innovation,Mutual benefit; Regular communication; Shared goals
External Relations,Alumni Relations,Maintaining connections with graduates,Alumni events; Communications; Career services; Volunteer opportunities,Geographic dispersion; Generational differences; Engagement challenges,Digital platforms; Affinity groups; Lifelong learning,Personalized engagement; Value proposition; Regular communication
Quality Assurance,Assessment,Measuring and improving educational effectiveness,Learning outcomes assessment; Program review; Institutional effectiveness; Accreditation support,Assessment fatigue; Data overload; Resource constraints,Authentic assessment; Technology tools; Continuous improvement,Clear purposes; Faculty involvement; Action-oriented
Quality Assurance,Institutional Research,Data analysis for decision making,Enrollment analysis; Retention studies; Benchmarking; Survey research; Compliance reporting,Data quality; Analytical capacity; Stakeholder demands,Predictive analytics; Data visualization; Self-service tools,Data integrity; Timely reporting; Actionable insights
Quality Assurance,Continuous Improvement,Systematic enhancement of operations,Process improvement; Best practice sharing; Innovation adoption; Change management,Resistance to change; Resource constraints; Competing priorities,Lean methodologies; Design thinking; Agile approaches,Culture of improvement; Leadership support; Systematic approach
Diversity and Inclusion,Student Diversity,Creating inclusive learning environments,Recruitment strategies; Support services; Inclusive curriculum; Campus climate,Achievement gaps; Bias and discrimination; Resource needs,Holistic admissions; Mentorship programs; Cultural competency,Comprehensive support; Climate assessment; Bias training
Diversity and Inclusion,Faculty Diversity,Building diverse academic workforce,Recruitment strategies; Retention efforts; Inclusive hiring; Climate improvement,Pipeline challenges; Bias in hiring; Retention issues,Cluster hiring; Mentorship; Work-life balance,Proactive recruitment; Bias training; Supportive environment
Diversity and Inclusion,Inclusive Excellence,Integrating diversity into institutional mission,Strategic planning; Policy development; Training programs; Assessment,Cultural change; Resource allocation; Measurement challenges,Intersectional approaches; Ally development; Systemic change,Leadership commitment; Comprehensive strategy; Accountability measures
